{
  "char": {
    "affection": -0.12,
    "trust": 0.0,
    "respect": -0.09,
    "familiarity": 0.0,
    "tension": 0.21,
    "empathy": 0.0,
    "engagement": 0.0,
    "security": 0.0,
    "autonomy": 0.0,
    "admiration": 0.0
  },
  "eve": {
    "affection": 0.6168,
    "trust": 0.8621999999999999,
    "respect": 0.0,
    "familiarity": 0.0,
    "tension": 0.0,
    "empathy": 0.09,
    "engagement": 0.7335,
    "security": 0.4310999999999999,
    "autonomy": 0.18780000000000002,
    "admiration": 0.0
  },
  "atlas": {
    "affection": 0.24,
    "trust": 0.28800000000000003,
    "respect": 0.0,
    "familiarity": 0.0,
    "tension": 0.0,
    "empathy": 0.0,
    "engagement": 0.219,
    "security": 0.14400000000000002,
    "autonomy": 0.042,
    "admiration": 0.0
  },
  "__meta__": {
    "last_decay": "2026-01-11T16:44:16.117885+00:00"
  }
}