{
  "char": {
    "affection": -0.11885570851073356,
    "trust": 0.0,
    "respect": -0.08914178138305018,
    "familiarity": 0.0,
    "tension": 0.20799748989378372,
    "empathy": 0.0,
    "engagement": 0.0,
    "security": 0.0,
    "autonomy": 0.0,
    "admiration": 0.0
  },
  "eve": {
    "affection": 0.9962780731149768,
    "trust": 0.9962780731149768,
    "respect": 0.0,
    "familiarity": 0.0,
    "tension": 0.0,
    "empathy": 0.08914178138305018,
    "engagement": 0.9962780731149768,
    "security": 0.988656697259156,
    "autonomy": 0.4490361805775037,
    "admiration": 0.0
  },
  "__meta__": {
    "last_decay": "2025-07-10T16:41:22.607543+00:00"
  }
}