{
  "char": {
    "affection": -0.11864867975506922,
    "trust": 0.0,
    "respect": -0.08898650981630193,
    "familiarity": 0.0,
    "tension": 0.20763518957137114,
    "empathy": 0.0,
    "engagement": 0.0,
    "security": 0.0,
    "autonomy": 0.0,
    "admiration": 0.0
  },
  "eve": {
    "affection": 0.9945427066579755,
    "trust": 0.9945427066579755,
    "respect": 0.0,
    "familiarity": 0.0,
    "tension": 0.0,
    "empathy": 0.08898650981630193,
    "engagement": 0.9945427066579755,
    "security": 0.9869346060918286,
    "autonomy": 0.4482540271338193,
    "admiration": 0.0
  },
  "__meta__": {
    "last_decay": "2025-07-14T04:17:54.200013+00:00"
  }
}