{
  "char": {
    "affection": -0.1192997333958356,
    "trust": 0.0,
    "respect": -0.08947480004687672,
    "familiarity": 0.0,
    "tension": 0.20877453344271232,
    "empathy": 0.0,
    "engagement": 0.0,
    "security": 0.0,
    "autonomy": 0.0,
    "admiration": 0.0
  },
  "eve": {
    "affection": 1.0,
    "trust": 1.0,
    "respect": 0.0,
    "familiarity": 0.0,
    "tension": 0.0,
    "empathy": 0.08947480004687672,
    "engagement": 1.0,
    "security": 0.9923501519691267,
    "autonomy": 0.4507137040299813,
    "admiration": 0.0
  },
  "__meta__": {
    "last_decay": "2025-07-03T06:02:13.641811+00:00"
  }
}