{
  "char": {
    "affection": -0.11823037999937784,
    "trust": 0.0,
    "respect": -0.08867278499953339,
    "familiarity": 0.0,
    "tension": 0.20690316499891123,
    "empathy": 0.0,
    "engagement": 0.0,
    "security": 0.0,
    "autonomy": 0.0,
    "admiration": 0.0
  },
  "eve": {
    "affection": 0.991036414197929,
    "trust": 0.991036414197929,
    "respect": 0.0,
    "familiarity": 0.0,
    "tension": 0.0,
    "empathy": 0.08867278499953339,
    "engagement": 0.991036414197929,
    "security": 0.9834551362362531,
    "autonomy": 0.4466736930717393,
    "admiration": 0.0
  },
  "__meta__": {
    "last_decay": "2025-07-21T05:31:26.185622+00:00"
  }
}